Test #,Test Name,Count,Mean,SD,Min,Max,Range,QC-Lo-Lim (Mean-4σ),QC-Hi-Lim (Mean+4σ),Units
10,TxBrd_DIB_Supply_5V_1,123,4.9859,0.0003824,4.9852,4.9866,0.0014,4.9843704,4.9874296,V
20,TxBrd_DIB_Supply_5V_2,123,5.0103,0.0144,4.9953,5.0246,0.0293,4.9527,5.0679,V
30,TxBrd_DIB_Supply_5V_3,123,5.01,0.0028,5.0068,5.0133,0.0066,4.9988,5.0212,V
40,TxBrd_DIB_Supply_12V_Slave,123,12.0481,0.0091,12.0377,12.0584,0.0208,12.0117,12.0845,V
50,TxBrd_Master_15V,123,14.7359,0.0405,14.694,14.7775,0.0835,14.5739,14.8979,V
60,TxBrd_Slave_15V,123,14.9074,0.1117,14.793,15.0167,0.2237,14.4606,15.3542,V
70,TxBrd_Relay_Supply_12V,123,11.5675,0.0207,11.4188,11.5934,0.1746,11.4847,11.6503,V
80,TxBrd_TFE_5V,123,4.985,0.0247,4.9595,5.0092,0.0498,4.8862,5.0838,V
90,TxBrd_HMOD_5V,123,4.9714,0.0138,4.9559,4.9852,0.0293,4.9162,5.0266,V
100,TxBrd_COMP_n5p2V,123,-5.1953,0.0028,-5.1984,-5.192,0.0064,-5.2065,-5.1841,V
110,TxBrd_XOR_n5V,123,-4.9988,0.0063,-5.0055,-4.992,0.0134,-5.024,-4.9736,V
120,TxBrd_n2V,123,-1.9799,0.0017,-1.9822,-1.9776,0.0046,-1.9867,-1.9731,V
130,TxBrd_DC30V_SL24_CH1_HI_Voltage,123,2.9946,0.0001544,2.9943,2.9949,0.0005896,2.9939824,2.9952176,V
140,TxBrd_DC30V_SL24_CH3_HI_Voltage,123,2.9947,0.0002523,2.9943,2.9952,0.0008795,2.9936908,2.9957092,V
150,TxBrd_DC30V_SL24_CH5_HI_Voltage,123,2.9944,0.0013,2.9915,2.997,0.0055,2.9892,2.9996,V
160,TxBrd_DC30V_SL24_CH7_HI_Voltage,123,2.9935,0.0011,2.991,2.9965,0.0055,2.9891,2.9979,V
170,TxBrd_DC30V_SL24_CH9_HI_Voltage,123,2.994,0.0001614,2.9938,2.9944,0.0006828,2.9933544,2.9946456,V
180,TxBrd_DC30V_SL24_CH11_HI_Voltage,123,2.9941,0.0001165,2.9939,2.9943,0.000411,2.993634,2.994566,V
190,TxBrd_DC30V_SL24_CH13_HI_Voltage,123,2.9931,0.0001738,2.9928,2.9934,0.0006497,2.9924048,2.9937952,V
200,TxBrd_DC30V_SL24_CH15_HI_Voltage,123,2.9933,0.0002234,2.9928,2.9937,0.0008178,2.9924064,2.9941936,V
210,TxBrd_DC30V_SL24_CH17_HI_Voltage,123,2.9945,0.0001308,2.9942,2.9947,0.0005147,2.9939768,2.9950232,V
220,TxBrd_DC30V_SL24_CH19_HI_Voltage,123,2.9944,0.0001038,2.9942,2.9946,0.0003886,2.9939848,2.9948152,V
230,TxBrd_DC30V_SL04_CH1_HI_Voltage,123,2.9946,0.0001411,2.9944,2.9949,0.0005147,2.9940356,2.9951644,V
240,TxBrd_DC30V_SL04_CH3_HI_Voltage,123,2.9949,0.0001434,2.9946,2.9951,0.0004952,2.9943264,2.9954736,V
250,TxBrd_DC30V_SL04_CH5_HI_Voltage,123,2.9947,0.0002197,2.9942,2.995,0.0007279,2.9938212,2.9955788,V
260,TxBrd_DC30V_SL04_CH7_HI_Voltage,123,2.9945,0.0001294,2.9943,2.9947,0.0004697,2.9939824,2.9950176,V
270,TxBrd_DC30V_SL04_CH9_HI_Voltage,123,2.995,0.0001806,2.9947,2.9953,0.0005553,2.9942776,2.9957224,V
280,TxBrd_DC30V_SL04_CH11_HI_Voltage,123,2.9947,0.0002894,2.9944,2.9953,0.000905,2.9935424,2.9958576,V
290,TxBrd_DC30V_SL04_CH13_HI_Voltage,123,2.9952,0.0001936,2.9949,2.9956,0.0007112,2.9944256,2.9959744,V
300,TxBrd_DC30V_SL04_CH15_HI_Voltage,123,2.9953,0.000148,2.9951,2.9955,0.0004771,2.994708,2.995892,V
310,TxBrd_DC30V_SL04_CH17_HI_Voltage,123,2.9949,0.0001642,2.9946,2.9952,0.0005658,2.9942432,2.9955568,V
320,TxBrd_DC30V_SL04_CH19_HI_Voltage,123,2.9941,0.0002083,2.9937,2.9945,0.0007427,2.9932668,2.9949332,V
330,TxBrd_DC30V_SL10_CH1_HI_Voltage,123,2.9931,0.0001453,2.9928,2.9934,0.0005748,2.9925188,2.9936812,V
340,TxBrd_DC30V_SL10_CH3_HI_Voltage,123,2.9937,0.000147,2.9934,2.994,0.0005701,2.993112,2.994288,V
350,TxBrd_DC30V_SL10_CH5_HI_Voltage,123,2.9932,0.0001859,2.9929,2.9935,0.0006168,2.9924564,2.9939436,V
360,TxBrd_DC30V_SL10_CH7_HI_Voltage,123,2.9924,0.0001378,2.9921,2.9926,0.0004847,2.9918488,2.9929512,V
370,TxBrd_DC30V_SL10_CH9_HI_Voltage,123,2.9935,0.0001472,2.9933,2.9938,0.0004995,2.9929112,2.9940888,V
380,TxBrd_DC30V_SL10_CH11_HI_Voltage,123,2.9937,0.0001477,2.9935,2.994,0.0004952,2.9931092,2.9942908,V
390,TxBrd_DC30V_SL10_CH13_HI_Voltage,123,2.9915,0.0002354,2.991,2.9919,0.0008509,2.9905584,2.9924416,V
400,TxBrd_DC30V_SL10_CH15_HI_Voltage,123,2.9922,0.0001853,2.9919,2.9926,0.0006588,2.9914588,2.9929412,V
410,TxBrd_DC30V_SL10_CH17_HI_Voltage,123,2.9913,0.0002084,2.9909,2.9916,0.0006528,2.9904664,2.9921336,V
420,TxBrd_DC30V_SL10_CH19_HI_Voltage,123,2.9925,0.0001753,2.9922,2.9929,0.0006213,2.9917988,2.9932012,V
430,TxBrd_DC30V_SL24_CH2_LO_Current,123,0.0009998,4.32E-08,0.0009997,0.0009999,1.92E-07,0.000999627,0.000999973,A
440,TxBrd_DC30V_SL24_CH4_LO_Current,123,0.0009999,3.43E-08,0.0009998,0.001,1.52E-07,0.000999763,0.001000037,A
450,TxBrd_DC30V_SL24_CH6_LO_Current,123,0.0009999,9.92E-08,0.0009997,0.001,3.41E-07,0.000999503,0.001000297,A
460,TxBrd_DC30V_SL24_CH8_LO_Current,123,0.0009998,8.07E-08,0.0009996,0.0009999,2.97E-07,0.000999477,0.001000123,A
470,TxBrd_DC30V_SL24_CH10_LO_Current,123,0.0009998,9.65E-08,0.0009997,0.001,3.29E-07,0.000999414,0.001000186,A
480,TxBrd_DC30V_SL24_CH12_LO_Current,123,0.0009998,6.00E-08,0.0009997,0.001,2.49E-07,0.00099956,0.00100004,A
490,TxBrd_DC30V_SL24_CH14_LO_Current,123,0.0009999,2.29E-08,0.0009998,0.0009999,1.02E-07,0.000999808,0.000999992,A
500,TxBrd_DC30V_SL24_CH16_LO_Current,123,0.0009998,8.26E-08,0.0009996,0.0009999,3.21E-07,0.00099947,0.00100013,A
510,TxBrd_DC30V_SL24_CH18_LO_Current,123,0.0009998,7.54E-08,0.0009997,0.001,2.63E-07,0.000999498,0.001000102,A
520,TxBrd_DC30V_SL24_CH20_LO_Current,123,0.0009998,1.08E-07,0.0009997,0.001,3.79E-07,0.000999368,0.001000232,A
530,TxBrd_DC30V_SL10_CH2_LO_Current,123,0.0009998,4.08E-08,0.0009997,0.0009999,1.75E-07,0.000999637,0.000999963,A
540,TxBrd_DC30V_SL10_CH4_LO_Current,123,0.0009998,6.01E-08,0.0009997,0.0009999,2.58E-07,0.00099956,0.00100004,A
550,TxBrd_DC30V_SL10_CH6_LO_Current,123,0.0009999,8.15E-08,0.0009997,0.001,2.82E-07,0.000999574,0.001000226,A
560,TxBrd_DC30V_SL10_CH8_LO_Current,123,0.0009999,3.75E-08,0.0009998,0.0009999,1.65E-07,0.00099975,0.00100005,A
570,TxBrd_DC30V_SL10_CH10_LO_Current,123,0.0009999,4.94E-08,0.0009998,0.001,2.07E-07,0.000999702,0.001000098,A
580,TxBrd_DC30V_SL10_CH12_LO_Current,123,0.0009998,5.11E-08,0.0009997,0.0009998,1.96E-07,0.000999596,0.001000004,A
590,TxBrd_DC30V_SL10_CH14_LO_Current,123,0.0009998,5.24E-08,0.0009996,0.0009999,2.13E-07,0.00099959,0.00100001,A
600,TxBrd_DC30V_SL10_CH16_LO_Current,123,0.0009998,1.08E-07,0.0009997,0.001,3.38E-07,0.000999366,0.001000234,A
610,TxBrd_DC30V_SL10_CH18_LO_Current,123,0.0009998,6.96E-08,0.0009997,0.001,2.30E-07,0.000999522,0.001000078,A
620,TxBrd_DC30V_SL10_CH20_LO_Current,123,0.0009998,1.01E-07,0.0009996,0.001,3.66E-07,0.000999397,0.001000203,A
630,TxBrd_DC30V_SL04_CH2_LO_Current,123,0.0009998,6.27E-08,0.0009997,0.0009999,2.45E-07,0.000999549,0.001000051,A
640,TxBrd_DC30V_SL04_CH4_LO_Current,123,0.0009999,5.74E-08,0.0009997,0.001,2.66E-07,0.00099967,0.00100013,A
650,TxBrd_DC30V_SL04_CH6_LO_Current,123,0.0009999,5.01E-08,0.0009998,0.001,1.98E-07,0.0009997,0.0010001,A
660,TxBrd_DC30V_SL04_CH8_LO_Current,123,0.0009998,1.68E-07,0.0009996,0.001,5.11E-07,0.000999129,0.001000471,A
670,TxBrd_DC30V_SL04_CH10_LO_Current,123,0.0009999,1.16E-07,0.0009998,0.001,3.72E-07,0.000999438,0.001000362,A
680,TxBrd_DC30V_SL04_CH12_LO_Current,123,0.0009999,1.05E-07,0.0009998,0.001,3.84E-07,0.000999482,0.001000318,A
690,TxBrd_DC30V_SL04_CH14_LO_Current,123,0.0009998,5.55E-08,0.0009998,0.0009999,1.98E-07,0.000999578,0.001000022,A
700,TxBrd_DC30V_SL04_CH16_LO_Current,123,0.0009998,5.10E-08,0.0009997,0.0009999,2.01E-07,0.000999596,0.001000004,A
710,TxBrd_DC30V_SL04_CH18_LO_Current,123,0.0009998,5.64E-08,0.0009997,0.0009999,2.13E-07,0.000999574,0.001000026,A
720,TxBrd_DC30V_SL04_CH20_LO_Current,123,0.0009998,3.29E-08,0.0009997,0.0009999,1.50E-07,0.000999668,0.000999932,A
730,TxBrd_DC90V_SL23_1A_Voltage,123,5,5.08E-07,5,5,2.90E-06,4.999997968,5.000002032,V
740,TxBrd_DC90V_SL23_2A_Voltage,123,5,5.44E-07,5,5,2.90E-06,4.999997825,5.000002175,V
750,TxBrd_DC90V_SL23_3A_Voltage,123,5,5.29E-07,5,5,3.30E-06,4.999997885,5.000002115,V
760,TxBrd_DC90V_SL23_4A_Voltage,123,5,5.02E-07,5,5,2.40E-06,4.999997994,5.000002006,V
770,TxBrd_DC90V_SL23_1B_Voltage,123,5,5.41E-07,5,5,2.90E-06,4.999997838,5.000002162,V
780,TxBrd_DC90V_SL23_2B_Voltage,123,5,0.000124,4.9996,5.0003,0.0006962,4.999504,5.000496,V
790,TxBrd_DC90V_SL23_3B_Voltage,123,5,5.36E-07,5,5,2.90E-06,4.999997857,5.000002143,V
800,TxBrd_DC90V_SL23_4B_Voltage,123,5,0.0001119,4.9998,5.0003,0.0005589,4.9995524,5.0004476,V
810,TxBrd_DC90_Relay1_Droop,123,0.0025,0.0002438,0.0017,0.0031,0.0014,0.0015248,0.0034752,V
820,TxBrd_DC90_Relay2_Droop,123,0.0026,0.0002232,0.0018,0.0032,0.0014,0.0017072,0.0034928,V
830,TxBrd_DC90_Relay3_Droop,123,0.0025,0.0002641,0.002,0.0033,0.0013,0.0014436,0.0035564,V
840,TxBrd_DC90_Relay4_Droop,123,0.0025,0.0002488,0.0019,0.0033,0.0014,0.0015048,0.0034952,V
850,TxBrd_DC90_Relay5_Droop,123,0.0025,0.000241,0.0019,0.0031,0.0012,0.001536,0.003464,V
860,TxBrd_DC90_Relay6_Droop,123,0.0025,0.0002217,0.002,0.0032,0.0012,0.0016132,0.0033868,V
870,TxBrd_DC90_Relay7_Droop,123,0.0025,0.0002345,0.0018,0.003,0.0013,0.001562,0.003438,V
880,TxBrd_DC90_Relay8_Droop,123,0.0025,0.0002541,0.0019,0.0031,0.0013,0.0014836,0.0035164,V
890,TxBrd_DC90_Relay9_Droop,123,0.0025,0.0002329,0.0019,0.003,0.0012,0.0015684,0.0034316,V
900,TxBrd_DC90_Relay10_Droop,123,0.0025,0.0002609,0.0018,0.0031,0.0014,0.0014564,0.0035436,V
910,TxBrd_DC90_Relay11_Droop,123,0.0025,0.00022,0.0019,0.003,0.0011,0.00162,0.00338,V
920,TxBrd_DC90_Relay12_Droop,123,0.0024,0.0002453,0.0017,0.003,0.0013,0.0014188,0.0033812,V
930,TxBrd_DC90_Relay13_Droop,123,0.0025,0.0002564,0.0018,0.0032,0.0014,0.0014744,0.0035256,V
940,TxBrd_DC90_Relay14_Droop,123,0.0025,0.0002638,0.0019,0.0035,0.0016,0.0014448,0.0035552,V
950,TxBrd_DC90_Relay15_Droop,123,0.0025,0.0002225,0.002,0.0032,0.0012,0.00161,0.00339,V
960,TxBrd_DC90_Relay16_Droop,123,0.0025,0.0002374,0.002,0.0032,0.0012,0.0015504,0.0034496,V
970,TxBrd_DC90_Relay17_Droop,123,0.0025,0.0002414,0.0018,0.0031,0.0012,0.0015344,0.0034656,V
980,TxBrd_DC90_Relay18_Droop,123,0.0025,0.0002339,0.002,0.0031,0.0011,0.0015644,0.0034356,V
990,TxBrd_DC90_Relay19_Droop,123,0.0025,0.0002375,0.0017,0.003,0.0014,0.00155,0.00345,V
1000,TxBrd_DC90_Relay20_Droop,123,0.0026,0.0002476,0.0019,0.0031,0.0012,0.0016096,0.0035904,V
1010,TxBrd_DC90_Relay21_Droop,123,0.0025,0.0002662,0.0018,0.0032,0.0014,0.0014352,0.0035648,V
1020,TxBrd_DC90_Relay22_Droop,123,0.0025,0.0002333,0.0019,0.0032,0.0013,0.0015668,0.0034332,V
1030,TxBrd_DC90_Relay23_Droop,123,0.0025,0.0002778,0.0019,0.0033,0.0014,0.0013888,0.0036112,V
1040,TxBrd_DC90_Relay24_Droop,123,0.0025,0.000234,0.0019,0.0031,0.0011,0.001564,0.003436,V
1050,TxBrd_DC90_Relay25_Droop,123,0.0025,0.0002505,0.0018,0.0031,0.0012,0.001498,0.003502,V
1060,TxBrd_DC90_Relay26_Droop,123,0.0025,0.0002397,0.0019,0.0032,0.0013,0.0015412,0.0034588,V
1070,TxBrd_DC90_Relay27_Droop,123,0.0026,0.0002329,0.002,0.003,0.0011,0.0016684,0.0035316,V
1080,TxBrd_DC90_Relay28_Droop,123,0.0025,0.0002439,0.0019,0.003,0.0011,0.0015244,0.0034756,V
1090,TxBrd_DC90_Relay29_Droop,123,0.0025,0.0002436,0.002,0.0033,0.0013,0.0015256,0.0034744,V
1100,TxBrd_DC90_Relay30_Droop,123,0.0025,0.00024,0.0019,0.0034,0.0014,0.00154,0.00346,V
1110,TxBrd_DC90_Relay31_Droop,123,0.0025,0.0002535,0.0018,0.0032,0.0014,0.001486,0.003514,V
1120,TxBrd_DC90_Relay32_Droop,123,0.0025,0.0002442,0.0019,0.0032,0.0013,0.0015232,0.0034768,V
1130,TxBrd_P174_6571_DIO_0_HSD_HI_Current,123,0.003,1.51E-05,0.0029,0.003,7.92E-05,0.0029396,0.0030604,A
1140,TxBrd_P174_6571_DIO_4_HSD_HI_Current,123,0.003,1.33E-05,0.003,0.003,6.27E-05,0.0029468,0.0030532,A
1150,TxBrd_P174_6571_DIO_8_HSD_HI_Current,123,0.0029,1.83E-05,0.0029,0.003,9.30E-05,0.0028268,0.0029732,A
1160,TxBrd_P174_6571_DIO_12_HSD_HI_Current,123,0.0029,1.88E-05,0.0029,0.003,6.45E-05,0.0028248,0.0029752,A
1170,TxBrd_P174_6571_DIO_16_HSD_HI_Current,123,0.003,3.30E-05,0.0029,0.003,0.0001139,0.002868,0.003132,A
1180,TxBrd_P174_6571_DIO_20_HSD_HI_Current,123,0.003,2.97E-05,0.003,0.0031,9.12E-05,0.0028812,0.0031188,A
1190,TxBrd_P174_6571_DIO_24_HSD_HI_Current,123,0.0029,9.80E-06,0.0029,0.003,7.06E-05,0.0028608,0.0029392,A
1200,TxBrd_P174_6571_DIO_28_HSD_HI_Current,123,0.003,7.40E-06,0.003,0.003,3.66E-05,0.0029704,0.0030296,A
1210,TxBrd_P166_6571_DIO_0_HSD_HI_Current,123,0.003,1.27E-05,0.003,0.003,5.66E-05,0.0029492,0.0030508,A
1220,TxBrd_P166_6571_DIO_4_HSD_HI_Current,123,0.0029,4.40E-05,0.0029,0.003,0.0001249,0.002724,0.003076,A
1230,TxBrd_P166_6571_DIO_8_HSD_HI_Current,123,0.003,4.47E-05,0.0029,0.0031,0.0001428,0.0028212,0.0031788,A
1240,TxBrd_P166_6571_DIO_12_HSD_HI_Current,123,0.003,1.30E-05,0.0029,0.003,7.20E-05,0.002948,0.003052,A
1250,TxBrd_P166_6571_DIO_16_HSD_HI_Current,123,0.003,2.12E-05,0.003,0.003,8.82E-05,0.0029152,0.0030848,A
1260,TxBrd_P166_6571_DIO_20_HSD_HI_Current,123,0.003,1.75E-05,0.0029,0.003,6.84E-05,0.00293,0.00307,A
1270,TxBrd_P166_6571_DIO_24_HSD_HI_Current,123,0.0029,1.18E-05,0.0029,0.003,8.45E-05,0.0028528,0.0029472,A
1280,TxBrd_P166_6571_DIO_28_HSD_HI_Current,123,0.0029,2.31E-05,0.0029,0.003,6.90E-05,0.0028076,0.0029924,A
1290,TxBrd_P170_6571_DIO_0_HSD_HI_Current,123,0.003,3.86E-05,0.0029,0.0031,0.0001382,0.0028456,0.0031544,A
1300,TxBrd_P170_6571_DIO_4_HSD_HI_Current,123,0.0029,1.76E-05,0.0029,0.003,0.0001025,0.0028296,0.0029704,A
1310,TxBrd_P170_6571_DIO_8_HSD_HI_Current,123,0.003,1.72E-05,0.003,0.003,6.73E-05,0.0029312,0.0030688,A
1320,TxBrd_P170_6571_DIO_12_HSD_HI_Current,123,0.003,1.45E-05,0.0029,0.003,5.86E-05,0.002942,0.003058,A
1330,TxBrd_P170_6571_DIO_16_HSD_HI_Current,123,0.003,5.19E-05,0.0029,0.0031,0.0001494,0.0027924,0.0032076,A
1340,TxBrd_P170_6571_DIO_20_HSD_HI_Current,123,0.0029,3.47E-05,0.0029,0.003,9.53E-05,0.0027612,0.0030388,A
1350,TxBrd_P170_6571_DIO_24_HSD_HI_Current,123,0.003,5.82E-05,0.0029,0.0031,0.0001567,0.0027672,0.0032328,A
1360,TxBrd_P170_6571_DIO_28_HSD_HI_Current,123,0.0029,1.03E-05,0.0029,0.003,7.69E-05,0.0028588,0.0029412,A
1370,TxBrd_P146_6571_DIO_0_HSD_HI_Current,123,0.0029,1.28E-05,0.0029,0.003,5.98E-05,0.0028488,0.0029512,A
1380,TxBrd_P146_6571_DIO_4_HSD_HI_Current,123,0.003,1.40E-05,0.0029,0.003,9.12E-05,0.002944,0.003056,A
1390,TxBrd_P146_6571_DIO_8_HSD_HI_Current,123,0.003,2.88E-05,0.0029,0.003,9.71E-05,0.0028848,0.0031152,A
1400,TxBrd_P146_6571_DIO_12_HSD_HI_Current,123,0.0029,1.56E-05,0.0029,0.003,6.57E-05,0.0028376,0.0029624,A
1410,TxBrd_P146_6571_DIO_16_HSD_HI_Current,123,0.003,3.13E-05,0.0029,0.0031,0.0001237,0.0028748,0.0031252,A
1420,TxBrd_P146_6571_DIO_20_HSD_HI_Current,123,0.003,2.65E-05,0.003,0.003,8.36E-05,0.002894,0.003106,A
1430,TxBrd_P146_6571_DIO_24_HSD_HI_Current,123,0.003,1.47E-05,0.0029,0.003,6.88E-05,0.0029412,0.0030588,A
1440,TxBrd_P146_6571_DIO_28_HSD_HI_Current,123,0.003,5.47E-05,0.0029,0.003,0.0001346,0.0027812,0.0032188,A
1450,TxBrd_P154_6571_DIO_0_HSD_HI_Current,123,0.003,3.96E-05,0.0029,0.003,0.0001192,0.0028416,0.0031584,A
1460,TxBrd_P154_6571_DIO_4_HSD_HI_Current,123,0.0029,3.79E-05,0.0029,0.003,0.0001344,0.0027484,0.0030516,A
1470,TxBrd_P154_6571_DIO_8_HSD_HI_Current,123,0.003,1.74E-05,0.0029,0.003,8.46E-05,0.0029304,0.0030696,A
1480,TxBrd_P154_6571_DIO_12_HSD_HI_Current,123,0.003,1.14E-05,0.0029,0.003,6.96E-05,0.0029544,0.0030456,A
1490,TxBrd_P174_6571_DIO_1_HSD_LO_Voltage,123,2.9863,0.0013,2.9841,2.9888,0.0047,2.9811,2.9915,V
1500,TxBrd_P174_6571_DIO_2_HSD_LO_Voltage,123,2.9864,0.0014,2.984,2.9887,0.0047,2.9808,2.992,V
1510,TxBrd_P174_6571_DIO_3_HSD_LO_Voltage,123,2.9861,0.0013,2.9837,2.9884,0.0047,2.9809,2.9913,V
1520,TxBrd_P174_6571_DIO_5_HSD_LO_Voltage,123,2.9854,0.0007961,2.984,2.9867,0.0027,2.9822156,2.9885844,V
1530,TxBrd_P174_6571_DIO_6_HSD_LO_Voltage,123,2.9852,0.000801,2.9836,2.9864,0.0029,2.981996,2.988404,V
1540,TxBrd_P174_6571_DIO_7_HSD_LO_Voltage,123,2.9848,0.0007614,2.9834,2.986,0.0027,2.9817544,2.9878456,V
1550,TxBrd_P174_6571_DIO_9_HSD_LO_Voltage,123,2.988,0.0002726,2.9873,2.9888,0.0015,2.9869096,2.9890904,V
1560,TxBrd_P174_6571_DIO_10_HSD_LO_Voltage,123,2.9876,0.0002932,2.9869,2.9885,0.0016,2.9864272,2.9887728,V
1570,TxBrd_P174_6571_DIO_11_HSD_LO_Voltage,123,2.9875,0.0002954,2.9867,2.9881,0.0014,2.9863184,2.9886816,V
1580,TxBrd_P174_6571_DIO_13_HSD_LO_Voltage,123,2.9865,0.0004553,2.9854,2.9875,0.0021,2.9846788,2.9883212,V
1590,TxBrd_P174_6571_DIO_14_HSD_LO_Voltage,123,2.9874,0.0004632,2.9864,2.9885,0.002,2.9855472,2.9892528,V
1600,TxBrd_P174_6571_DIO_15_HSD_LO_Voltage,123,2.9872,0.0004729,2.986,2.9882,0.0021,2.9853084,2.9890916,V
1610,TxBrd_P174_6571_DIO_17_HSD_LO_Voltage,123,2.9876,0.0006778,2.9865,2.9887,0.0022,2.9848888,2.9903112,V
1620,TxBrd_P174_6571_DIO_18_HSD_LO_Voltage,123,2.9874,0.0006411,2.9861,2.9886,0.0024,2.9848356,2.9899644,V
1630,TxBrd_P174_6571_DIO_19_HSD_LO_Voltage,123,2.9878,0.0006455,2.9867,2.9888,0.0021,2.985218,2.990382,V
1640,TxBrd_P174_6571_DIO_21_HSD_LO_Voltage,123,2.9886,0.0007134,2.9873,2.9898,0.0024,2.9857464,2.9914536,V
1650,TxBrd_P174_6571_DIO_22_HSD_LO_Voltage,123,2.9879,0.000616,2.987,2.9892,0.0022,2.985436,2.990364,V
1660,TxBrd_P174_6571_DIO_23_HSD_LO_Voltage,123,2.9882,0.0006414,2.987,2.9894,0.0024,2.9856344,2.9907656,V
1670,TxBrd_P174_6571_DIO_25_HSD_LO_Voltage,123,2.9864,0.0002993,2.9856,2.987,0.0014,2.9852028,2.9875972,V
1680,TxBrd_P174_6571_DIO_26_HSD_LO_Voltage,123,2.9863,0.0004127,2.9854,2.9872,0.0018,2.9846492,2.9879508,V
1690,TxBrd_P174_6571_DIO_27_HSD_LO_Voltage,123,2.9866,0.0003907,2.9856,2.9874,0.0018,2.9850372,2.9881628,V
1700,TxBrd_P174_6571_DIO_29_HSD_LO_Voltage,123,2.9869,0.0005539,2.9857,2.9879,0.0023,2.9846844,2.9891156,V
1710,TxBrd_P174_6571_DIO_30_HSD_LO_Voltage,123,2.986,0.0006649,2.9846,2.9873,0.0026,2.9833404,2.9886596,V
1720,TxBrd_P174_6571_DIO_31_HSD_LO_Voltage,123,2.9862,0.0005972,2.9849,2.9873,0.0024,2.9838112,2.9885888,V
1730,TxBrd_P166_6571_DIO_1_HSD_LO_Voltage,123,2.987,0.0011,2.9853,2.9885,0.0032,2.9826,2.9914,V
1740,TxBrd_P166_6571_DIO_2_HSD_LO_Voltage,123,2.9872,0.0009661,2.9855,2.9887,0.0031,2.9833356,2.9910644,V
1750,TxBrd_P166_6571_DIO_3_HSD_LO_Voltage,123,2.9869,0.0009543,2.9855,2.9885,0.003,2.9830828,2.9907172,V
1760,TxBrd_P166_6571_DIO_5_HSD_LO_Voltage,123,2.9858,0.0014,2.9838,2.9879,0.0041,2.9802,2.9914,V
1770,TxBrd_P166_6571_DIO_6_HSD_LO_Voltage,123,2.9858,0.0013,2.9839,2.9878,0.0039,2.9806,2.991,V
1780,TxBrd_P166_6571_DIO_7_HSD_LO_Voltage,123,2.9855,0.0013,2.9837,2.9875,0.0038,2.9803,2.9907,V
1790,TxBrd_P166_6571_DIO_9_HSD_LO_Voltage,123,2.9865,0.0015,2.9838,2.9888,0.005,2.9805,2.9925,V
1800,TxBrd_P166_6571_DIO_10_HSD_LO_Voltage,123,2.9861,0.0015,2.9835,2.9884,0.0049,2.9801,2.9921,V
1810,TxBrd_P166_6571_DIO_11_HSD_LO_Voltage,123,2.986,0.0016,2.983,2.9886,0.0056,2.9796,2.9924,V
1820,TxBrd_P166_6571_DIO_13_HSD_LO_Voltage,123,2.9851,0.0009773,2.9831,2.9869,0.0037,2.9811908,2.9890092,V
1830,TxBrd_P166_6571_DIO_14_HSD_LO_Voltage,123,2.986,0.0009229,2.984,2.9875,0.0035,2.9823084,2.9896916,V
1840,TxBrd_P166_6571_DIO_15_HSD_LO_Voltage,123,2.9856,0.000932,2.9839,2.9873,0.0033,2.981872,2.989328,V
1850,TxBrd_P166_6571_DIO_17_HSD_LO_Voltage,123,2.9863,0.0013,2.9842,2.9885,0.0043,2.9811,2.9915,V
1860,TxBrd_P166_6571_DIO_18_HSD_LO_Voltage,123,2.9861,0.0013,2.9841,2.9883,0.0042,2.9809,2.9913,V
1870,TxBrd_P166_6571_DIO_19_HSD_LO_Voltage,123,2.9856,0.0011,2.9835,2.9876,0.0041,2.9812,2.99,V
1880,TxBrd_P166_6571_DIO_21_HSD_LO_Voltage,123,2.9875,0.0013,2.9851,2.9895,0.0045,2.9823,2.9927,V
1890,TxBrd_P166_6571_DIO_22_HSD_LO_Voltage,123,2.9868,0.0014,2.9842,2.9889,0.0047,2.9812,2.9924,V
1900,TxBrd_P166_6571_DIO_23_HSD_LO_Voltage,123,2.987,0.0013,2.9847,2.989,0.0043,2.9818,2.9922,V
1910,TxBrd_P166_6571_DIO_25_HSD_LO_Voltage,123,2.9865,0.0009309,2.9849,2.9881,0.0032,2.9827764,2.9902236,V
1920,TxBrd_P166_6571_DIO_26_HSD_LO_Voltage,123,2.9866,0.0008602,2.9853,2.9884,0.0031,2.9831592,2.9900408,V
1930,TxBrd_P166_6571_DIO_27_HSD_LO_Voltage,123,2.9869,0.0008408,2.9854,2.9885,0.0031,2.9835368,2.9902632,V
1940,TxBrd_P166_6571_DIO_29_HSD_LO_Voltage,123,2.9871,0.0009495,2.9856,2.9889,0.0032,2.983302,2.990898,V
1950,TxBrd_P166_6571_DIO_30_HSD_LO_Voltage,123,2.9863,0.000959,2.9849,2.9878,0.0029,2.982464,2.990136,V
1960,TxBrd_P166_6571_DIO_31_HSD_LO_Voltage,123,2.9864,0.001,2.9851,2.988,0.0029,2.9824,2.9904,V
1970,TxBrd_P170_6571_DIO_1_HSD_LO_Voltage,123,2.9867,0.0011,2.9848,2.9883,0.0035,2.9823,2.9911,V
1980,TxBrd_P170_6571_DIO_2_HSD_LO_Voltage,123,2.9864,0.0011,2.9846,2.9881,0.0034,2.982,2.9908,V
1990,TxBrd_P170_6571_DIO_3_HSD_LO_Voltage,123,2.9868,0.0011,2.985,2.9885,0.0035,2.9824,2.9912,V
2000,TxBrd_P170_6571_DIO_5_HSD_LO_Voltage,123,2.9839,0.0002981,2.9832,2.9847,0.0015,2.9827076,2.9850924,V
2010,TxBrd_P170_6571_DIO_6_HSD_LO_Voltage,123,2.9831,0.0003155,2.9824,2.984,0.0016,2.981838,2.984362,V
2020,TxBrd_P170_6571_DIO_7_HSD_LO_Voltage,123,2.9834,0.0003048,2.9826,2.9841,0.0015,2.9821808,2.9846192,V
2030,TxBrd_P170_6571_DIO_9_HSD_LO_Voltage,123,2.9876,0.000913,2.9862,2.9893,0.0031,2.983948,2.991252,V
2040,TxBrd_P170_6571_DIO_10_HSD_LO_Voltage,123,2.987,0.000891,2.9857,2.9885,0.0028,2.983436,2.990564,V
2050,TxBrd_P170_6571_DIO_11_HSD_LO_Voltage,123,2.9874,0.0008661,2.986,2.9888,0.0029,2.9839356,2.9908644,V
2060,TxBrd_P170_6571_DIO_13_HSD_LO_Voltage,123,2.9859,0.0006367,2.9847,2.9872,0.0024,2.9833532,2.9884468,V
2070,TxBrd_P170_6571_DIO_14_HSD_LO_Voltage,123,2.9863,0.0006356,2.985,2.9877,0.0027,2.9837576,2.9888424,V
2080,TxBrd_P170_6571_DIO_15_HSD_LO_Voltage,123,2.9864,0.0005621,2.9854,2.9878,0.0024,2.9841516,2.9886484,V
2090,TxBrd_P170_6571_DIO_17_HSD_LO_Voltage,123,2.9869,0.0016,2.9847,2.9895,0.0048,2.9805,2.9933,V
2100,TxBrd_P170_6571_DIO_18_HSD_LO_Voltage,123,2.9869,0.0015,2.9844,2.9896,0.0052,2.9809,2.9929,V
2110,TxBrd_P170_6571_DIO_19_HSD_LO_Voltage,123,2.9866,0.0015,2.9842,2.9893,0.0051,2.9806,2.9926,V
2120,TxBrd_P170_6571_DIO_21_HSD_LO_Voltage,123,2.9888,0.0009128,2.987,2.9902,0.0033,2.9851488,2.9924512,V
2130,TxBrd_P170_6571_DIO_22_HSD_LO_Voltage,123,2.9889,0.0009135,2.9873,2.9906,0.0033,2.985246,2.992554,V
2140,TxBrd_P170_6571_DIO_23_HSD_LO_Voltage,123,2.9885,0.0008707,2.9869,2.9898,0.003,2.9850172,2.9919828,V
2150,TxBrd_P170_6571_DIO_25_HSD_LO_Voltage,123,2.9852,0.0017,2.9808,2.9877,0.0069,2.9784,2.992,V
2160,TxBrd_P170_6571_DIO_26_HSD_LO_Voltage,123,2.9858,0.0011,2.9839,2.9879,0.004,2.9814,2.9902,V
2170,TxBrd_P170_6571_DIO_27_HSD_LO_Voltage,123,2.9858,0.0012,2.984,2.9879,0.0039,2.981,2.9906,V
2180,TxBrd_P170_6571_DIO_29_HSD_LO_Voltage,123,2.9862,0.0008776,2.9847,2.9876,0.0029,2.9826896,2.9897104,V
2190,TxBrd_P170_6571_DIO_30_HSD_LO_Voltage,123,2.9859,0.001,2.9841,2.9875,0.0034,2.9819,2.9899,V
2200,TxBrd_P170_6571_DIO_31_HSD_LO_Voltage,123,2.9856,0.001,2.9838,2.9872,0.0033,2.9816,2.9896,V
2210,TxBrd_P146_6571_DIO_1_HSD_LO_Voltage,123,2.9863,0.0008648,2.9847,2.9877,0.003,2.9828408,2.9897592,V
2220,TxBrd_P146_6571_DIO_2_HSD_LO_Voltage,123,2.9864,0.0008637,2.985,2.9879,0.0029,2.9829452,2.9898548,V
2230,TxBrd_P146_6571_DIO_3_HSD_LO_Voltage,123,2.9862,0.0008468,2.9849,2.9877,0.0028,2.9828128,2.9895872,V
2240,TxBrd_P146_6571_DIO_5_HSD_LO_Voltage,123,2.986,0.0012,2.9839,2.9884,0.0045,2.9812,2.9908,V
2250,TxBrd_P146_6571_DIO_6_HSD_LO_Voltage,123,2.9858,0.0011,2.9837,2.988,0.0043,2.9814,2.9902,V
2260,TxBrd_P146_6571_DIO_7_HSD_LO_Voltage,123,2.9855,0.0011,2.9836,2.9877,0.0041,2.9811,2.9899,V
2270,TxBrd_P146_6571_DIO_9_HSD_LO_Voltage,123,2.987,0.0007431,2.9858,2.9883,0.0025,2.9840276,2.9899724,V
2280,TxBrd_P146_6571_DIO_10_HSD_LO_Voltage,123,2.9866,0.0007765,2.9853,2.9878,0.0025,2.983494,2.989706,V
2290,TxBrd_P146_6571_DIO_11_HSD_LO_Voltage,123,2.9863,0.0007592,2.9851,2.9876,0.0025,2.9832632,2.9893368,V
2300,TxBrd_P146_6571_DIO_13_HSD_LO_Voltage,123,2.9856,0.000991,2.9842,2.9872,0.003,2.981636,2.989564,V
2310,TxBrd_P146_6571_DIO_14_HSD_LO_Voltage,123,2.9865,0.001,2.985,2.9884,0.0034,2.9825,2.9905,V
2320,TxBrd_P146_6571_DIO_15_HSD_LO_Voltage,123,2.9862,0.001,2.9847,2.9881,0.0034,2.9822,2.9902,V
2330,TxBrd_P146_6571_DIO_17_HSD_LO_Voltage,123,2.9876,0.0002953,2.9869,2.9883,0.0014,2.9864188,2.9887812,V
2340,TxBrd_P146_6571_DIO_18_HSD_LO_Voltage,123,2.9872,0.000324,2.9867,2.9879,0.0012,2.985904,2.988496,V
2350,TxBrd_P146_6571_DIO_19_HSD_LO_Voltage,123,2.9875,0.0003521,2.9866,2.9883,0.0017,2.9860916,2.9889084,V
2360,TxBrd_P146_6571_DIO_21_HSD_LO_Voltage,123,2.989,0.0002464,2.9884,2.9895,0.0011,2.9880144,2.9899856,V
2370,TxBrd_P146_6571_DIO_22_HSD_LO_Voltage,123,2.9883,0.0002671,2.9874,2.9888,0.0014,2.9872316,2.9893684,V
2380,TxBrd_P146_6571_DIO_23_HSD_LO_Voltage,123,2.9883,0.0002692,2.9878,2.9892,0.0014,2.9872232,2.9893768,V
2390,TxBrd_P146_6571_DIO_25_HSD_LO_Voltage,123,2.9868,0.0005401,2.9856,2.988,0.0024,2.9846396,2.9889604,V
2400,TxBrd_P146_6571_DIO_26_HSD_LO_Voltage,123,2.987,0.0004276,2.9862,2.9878,0.0015,2.9852896,2.9887104,V
2410,TxBrd_P146_6571_DIO_27_HSD_LO_Voltage,123,2.9873,0.0004087,2.9864,2.9883,0.0019,2.9856652,2.9889348,V
2420,TxBrd_P146_6571_DIO_29_HSD_LO_Voltage,123,2.9867,0.0009883,2.985,2.9883,0.0034,2.9827468,2.9906532,V
2430,TxBrd_P146_6571_DIO_30_HSD_LO_Voltage,123,2.9861,0.0009189,2.9847,2.988,0.0033,2.9824244,2.9897756,V
2440,TxBrd_P146_6571_DIO_31_HSD_LO_Voltage,123,2.9862,0.0008908,2.9848,2.9878,0.003,2.9826368,2.9897632,V
2450,TxBrd_P154_6571_DIO_1_HSD_LO_Voltage,123,2.9868,0.0007689,2.9856,2.9881,0.0026,2.9837244,2.9898756,V
2460,TxBrd_P154_6571_DIO_2_HSD_LO_Voltage,123,2.9868,0.0008194,2.9855,2.9883,0.0028,2.9835224,2.9900776,V
2470,TxBrd_P154_6571_DIO_3_HSD_LO_Voltage,123,2.9867,0.0008198,2.9855,2.9879,0.0024,2.9834208,2.9899792,V
2480,TxBrd_P154_6571_DIO_5_HSD_LO_Voltage,123,2.9848,0.0013,2.9826,2.9872,0.0047,2.9796,2.99,V
2490,TxBrd_P154_6571_DIO_6_HSD_LO_Voltage,123,2.9846,0.0014,2.9825,2.987,0.0046,2.979,2.9902,V
2500,TxBrd_P154_6571_DIO_7_HSD_LO_Voltage,123,2.9837,0.001,2.9818,2.9856,0.0038,2.9797,2.9877,V
2510,TxBrd_P154_6571_DIO_9_HSD_LO_Voltage,123,2.9873,0.0013,2.9854,2.9893,0.004,2.9821,2.9925,V
2520,TxBrd_P154_6571_DIO_10_HSD_LO_Voltage,123,2.9868,0.0012,2.985,2.9887,0.0037,2.982,2.9916,V
2530,TxBrd_P154_6571_DIO_11_HSD_LO_Voltage,123,2.9868,0.0012,2.9849,2.9885,0.0036,2.982,2.9916,V
2540,TxBrd_P154_6571_DIO_13_HSD_LO_Voltage,123,2.9861,0.0005023,2.9852,2.9871,0.0019,2.9840908,2.9881092,V
2550,TxBrd_P154_6571_DIO_14_HSD_LO_Voltage,123,2.9851,0.0024,2.9821,2.988,0.0059,2.9755,2.9947,V
2560,TxBrd_P154_6571_DIO_15_HSD_LO_Voltage,123,2.9866,0.0005984,2.9854,2.9877,0.0023,2.9842064,2.9889936,V
2570,TxBrd_P154_DIO24_POOL_Open,123,5.8145,0.0106,5.8009,5.8258,0.025,5.7721,5.8569,V
2580,TxBrd_P154_DIO25_POOL_Open,123,5.8045,0.0086,5.7928,5.8141,0.0213,5.7701,5.8389,V
2590,TxBrd_P154_DIO26_POOL_Open,123,5.8127,0.0055,5.8057,5.8188,0.0131,5.7907,5.8347,V
2600,TxBrd_P154_DIO27_POOL_Open,123,5.8099,0.003,5.8053,5.8137,0.0084,5.7979,5.8219,V
2610,TxBrd_P154_DIO28_POOL_Open,123,5.8142,0.0031,5.8102,5.8186,0.0084,5.8018,5.8266,V
2620,TxBrd_P154_DIO29_POOL_Open,123,5.8178,0.0023,5.8136,5.8207,0.0071,5.8086,5.827,V
2630,TxBrd_P154_DIO30_POOL_Open,123,5.8161,0.0004664,5.815,5.8172,0.0022,5.8142344,5.8179656,V
2640,TxBrd_P154_DIO31_POOL_Open,123,5.8126,0.0007179,5.8107,5.8143,0.0037,5.8097284,5.8154716,V
2650,TxBrd_P154_DIO24_POOL_Grounded,123,0.0269,0.0009147,0.0256,0.0283,0.0027,0.0232412,0.0305588,V
2660,TxBrd_P154_DIO25_POOL_Grounded,123,0.0274,0.0004761,0.0265,0.0283,0.0018,0.0254956,0.0293044,V
2670,TxBrd_P154_DIO26_POOL_Grounded,123,0.026,0.0004514,0.0253,0.027,0.0017,0.0241944,0.0278056,V
2680,TxBrd_P154_DIO27_POOL_Grounded,123,0.0266,0.0004773,0.0257,0.0275,0.0018,0.0246908,0.0285092,V
2690,TxBrd_P154_DIO28_POOL_Grounded,123,0.0246,0.0003562,0.0238,0.0253,0.0015,0.0231752,0.0260248,V
2700,TxBrd_P154_DIO29_POOL_Grounded,123,0.025,0.000664,0.0236,0.0262,0.0026,0.022344,0.027656,V
2710,TxBrd_P154_DIO30_POOL_Grounded,123,0.0268,0.0006291,0.0258,0.0281,0.0023,0.0242836,0.0293164,V
2720,TxBrd_P154_DIO31_POOL_Grounded,123,0.0269,0.0003421,0.0261,0.0273,0.0012,0.0255316,0.0282684,V
2730,TxBrd_P154_DIO24_WinComp_Inside,123,-0.914,0.0023,-0.9168,-0.9114,0.0054,-0.9232,-0.9048,V
2740,TxBrd_P154_DIO25_WinComp_Inside,123,-0.9159,0.0014,-0.9176,-0.9142,0.0034,-0.9215,-0.9103,V
2750,TxBrd_P154_DIO26_WinComp_Inside,123,-0.9176,0.0001899,-0.9179,-0.9171,0.0008423,-0.9183596,-0.9168404,V
2760,TxBrd_P154_DIO27_WinComp_Inside,123,-0.9186,0.0006775,-0.9199,-0.9176,0.0022,-0.92131,-0.91589,V
2770,TxBrd_P154_DIO28_WinComp_Inside,123,-0.918,0.0008638,-0.9194,-0.917,0.0024,-0.9214552,-0.9145448,V
2780,TxBrd_P154_DIO29_WinComp_Inside,123,-0.9189,0.0005198,-0.9197,-0.918,0.0017,-0.9209792,-0.9168208,V
2790,TxBrd_P154_DIO30_WinComp_Inside,123,-0.9185,0.0008351,-0.9196,-0.917,0.0026,-0.9218404,-0.9151596,V
2800,TxBrd_P154_DIO31_WinComp_Inside,123,-0.9157,0.0003444,-0.9163,-0.9151,0.0012,-0.9170776,-0.9143224,V
2810,TxBrd_P154_DIO24_WinComp_Outside,123,-1.7119,0.0048,-1.7176,-1.7069,0.0107,-1.7311,-1.6927,V
2820,TxBrd_P154_DIO25_WinComp_Outside,123,-1.7159,0.0031,-1.7193,-1.7124,0.0069,-1.7283,-1.7035,V
2830,TxBrd_P154_DIO26_WinComp_Outside,123,-1.7177,0.0015,-1.7195,-1.7158,0.0037,-1.7237,-1.7117,V
2840,TxBrd_P154_DIO27_WinComp_Outside,123,-1.7199,0.0022,-1.7227,-1.7171,0.0057,-1.7287,-1.7111,V
2850,TxBrd_P154_DIO28_WinComp_Outside,123,-1.7165,0.0003075,-1.7173,-1.7158,0.0015,-1.71773,-1.71527,V
2860,TxBrd_P154_DIO29_WinComp_Outside,123,-1.7193,0.001,-1.721,-1.7176,0.0033,-1.7233,-1.7153,V
2870,TxBrd_P154_DIO30_WinComp_Outside,123,-1.7192,0.0016,-1.7215,-1.7169,0.0047,-1.7256,-1.7128,V
2880,TxBrd_P154_DIO31_WinComp_Outside,123,-1.714,0.0023,-1.7169,-1.7109,0.006,-1.7232,-1.7048,V
2890,TxBrd_HMOD1_Droop,123,0.0045,0.0002796,0.0039,0.0052,0.0013,0.0033816,0.0056184,V
2900,TxBrd_HMOD2_Droop,123,0.0045,0.0002667,0.0039,0.0051,0.0013,0.0034332,0.0055668,V
2910,TxBrd_HMOD3_Droop,123,0.0044,0.0002957,0.0038,0.0052,0.0014,0.0032172,0.0055828,V
2920,TxBrd_HMOD4_Droop,123,0.0045,0.0002549,0.0038,0.005,0.0012,0.0034804,0.0055196,V
2930,TxBrd_HMOD5_Droop,123,0.0044,0.0002856,0.0038,0.0052,0.0014,0.0032576,0.0055424,V
2940,TxBrd_HMOD6_Droop,123,0.0046,0.0002383,0.0039,0.0052,0.0012,0.0036468,0.0055532,V
2950,TxBrd_HMOD7_Droop,123,0.0045,0.0002723,0.0038,0.0052,0.0014,0.0034108,0.0055892,V
2960,TxBrd_HMOD8_Droop,123,0.0046,0.0003081,0.0038,0.0053,0.0014,0.0033676,0.0058324,V
2970,TxBrd_HMOD9_Droop,123,0.0045,0.0003088,0.0038,0.0052,0.0013,0.0032648,0.0057352,V
2980,TxBrd_HMOD10_Droop,123,0.0045,0.0002561,0.0041,0.0053,0.0012,0.0034756,0.0055244,V
2990,TxBrd_HMOD11_Droop,123,0.0045,0.0002668,0.0039,0.0051,0.0012,0.0034328,0.0055672,V
3000,TxBrd_HMOD12_Droop,123,0.0046,0.0003297,0.0039,0.0056,0.0017,0.0032812,0.0059188,V
3010,TxBrd_HMOD13_Droop,123,0.0045,0.0002496,0.0039,0.0051,0.0013,0.0035016,0.0054984,V
3020,TxBrd_HMOD14_Droop,123,0.0794,0.0038,0.0733,0.0847,0.0114,0.0642,0.0946,V
3030,TxBrd_HMOD15_Droop,123,0.0797,0.0037,0.0736,0.0848,0.0112,0.0649,0.0945,V
3040,TxBrd_HMOD16_Droop,123,0.0797,0.0037,0.0737,0.0849,0.0111,0.0649,0.0945,V
3050,TxBrd_HMOD17_Droop,123,0.0797,0.0037,0.0737,0.0847,0.011,0.0649,0.0945,V
3060,TxBrd_HMOD19_Droop,123,0.0798,0.0037,0.0737,0.0849,0.0112,0.065,0.0946,V
3070,TxBrd_HMOD20_Droop,123,0.0797,0.0038,0.0738,0.0851,0.0114,0.0645,0.0949,V
3080,TxBrd_HMOD21_Droop,123,0.0795,0.0035,0.0737,0.0844,0.0106,0.0655,0.0935,V
3090,TxBrd_HMOD22_Droop,123,0.0798,0.0037,0.0738,0.085,0.0112,0.065,0.0946,V
3100,TxBrd_HMOD23_Droop,123,0.0804,0.0039,0.0741,0.0859,0.0118,0.0648,0.096,V
